username,password_hash
piyush,03ac674216f3e15c761ee1a5e255f067953623c8b388b4459e13f978d7c846f4
rahul,03ac674216f3e15c761ee1a5e255f067953623c8b388b4459e13f978d7c846f4
raj,03ac674216f3e15c761ee1a5e255f067953623c8b388b4459e13f978d7c846f4
yuvi,03ac674216f3e15c761ee1a5e255f067953623c8b388b4459e13f978d7c846f4
kohli,03ac674216f3e15c761ee1a5e255f067953623c8b388b4459e13f978d7c846f4
dhoni,03ac674216f3e15c761ee1a5e255f067953623c8b388b4459e13f978d7c846f4
rohit,03ac674216f3e15c761ee1a5e255f067953623c8b388b4459e13f978d7c846f4
dhawan,03ac674216f3e15c761ee1a5e255f067953623c8b388b4459e13f978d7c846f4
tendukar,03ac674216f3e15c761ee1a5e255f067953623c8b388b4459e13f978d7c846f4
dravid,03ac674216f3e15c761ee1a5e255f067953623c8b388b4459e13f978d7c846f4
